<?xml version="1.0" encoding="UTF-8"?>
<objects serializationModel="Studio.02.02.00">
	<object class="AudioFile" id="{747103fa-9343-4f71-a6a8-38400cd3e8c8}">
		<property name="assetPath">
			<value>Door Unlock With Rune.wav</value>
		</property>
		<property name="frequencyInKHz">
			<value>44.0999985</value>
		</property>
		<property name="channelCount">
			<value>2</value>
		</property>
		<property name="length">
			<value>2</value>
		</property>
		<relationship name="masterAssetFolder">
			<destination>{a7d6c7b2-ebe0-49eb-ba90-6c9a1e10c593}</destination>
		</relationship>
	</object>
</objects>
