<?xml version="1.0" encoding="UTF-8"?>
<objects serializationModel="Studio.02.02.00">
	<object class="AudioFile" id="{8a0d7b10-b35d-4942-a67b-1aafc237850e}">
		<property name="assetPath">
			<value>Door Open 2 No Reverb.wav</value>
		</property>
		<property name="frequencyInKHz">
			<value>44.0999985</value>
		</property>
		<property name="channelCount">
			<value>2</value>
		</property>
		<property name="length">
			<value>1.4784580498866213</value>
		</property>
		<relationship name="masterAssetFolder">
			<destination>{a7d6c7b2-ebe0-49eb-ba90-6c9a1e10c593}</destination>
		</relationship>
	</object>
</objects>
