<?xml version="1.0" encoding="UTF-8"?>
<objects serializationModel="Studio.02.02.00">
	<object class="AudioFile" id="{a6b5d473-34fe-4c4e-bad4-27a33753edf4}">
		<property name="assetPath">
			<value>Ambience level 1 Layer 2.wav</value>
		</property>
		<property name="isStreaming">
			<value>true</value>
		</property>
		<property name="frequencyInKHz">
			<value>44.0999985</value>
		</property>
		<property name="channelCount">
			<value>2</value>
		</property>
		<property name="length">
			<value>10.388934240362811</value>
		</property>
		<relationship name="masterAssetFolder">
			<destination>{a7d6c7b2-ebe0-49eb-ba90-6c9a1e10c593}</destination>
		</relationship>
	</object>
</objects>
