<?xml version="1.0" encoding="UTF-8"?>
<objects serializationModel="Studio.02.02.00">
	<object class="AudioFile" id="{e9b25a34-9e93-4ad6-bd16-47c021eaf5ad}">
		<property name="assetPath">
			<value>Small Door Open.wav</value>
		</property>
		<property name="frequencyInKHz">
			<value>44.0999985</value>
		</property>
		<property name="channelCount">
			<value>2</value>
		</property>
		<property name="length">
			<value>1.4784580498866213</value>
		</property>
		<relationship name="masterAssetFolder">
			<destination>{a7d6c7b2-ebe0-49eb-ba90-6c9a1e10c593}</destination>
		</relationship>
	</object>
</objects>
