<?xml version="1.0" encoding="UTF-8"?>
<objects serializationModel="Studio.02.02.00">
	<object class="Event" id="{b2eb1fe9-11f7-4df4-9c44-f7eb77cb400c}">
		<property name="name">
			<value>Nested Event 2</value>
		</property>
		<property name="outputFormat">
			<value>1</value>
		</property>
		<relationship name="folder">
			<destination>{ab9480fb-bc08-4ca4-b3f5-84276e79b9c4}</destination>
		</relationship>
		<relationship name="mixer">
			<destination>{cbd08331-2a60-473e-8687-a73b0f9b1b7b}</destination>
		</relationship>
		<relationship name="masterTrack">
			<destination>{2de0cc35-7d19-4926-b981-faeaa5a1b393}</destination>
		</relationship>
		<relationship name="mixerInput">
			<destination>{53887dda-0bae-4215-a82f-d85782ad70d7}</destination>
		</relationship>
		<relationship name="automatableProperties">
			<destination>{b3e7edcf-bcef-4367-b10f-0c5499c48494}</destination>
		</relationship>
		<relationship name="markerTracks">
			<destination>{ff9ccf45-6977-457e-afb1-9a8f0d2d7b5f}</destination>
		</relationship>
		<relationship name="groupTracks">
			<destination>{bb9e5b51-1edb-46ef-9935-b49465d8f41c}</destination>
		</relationship>
		<relationship name="timeline">
			<destination>{4bd88c2f-1349-4b29-ab93-00cbb0a38f8f}</destination>
		</relationship>
	</object>
	<object class="EventMixer" id="{cbd08331-2a60-473e-8687-a73b0f9b1b7b}">
		<relationship name="masterBus">
			<destination>{288b7abd-bbc5-4935-b337-b59b542a30e6}</destination>
		</relationship>
	</object>
	<object class="MasterTrack" id="{2de0cc35-7d19-4926-b981-faeaa5a1b393}">
		<relationship name="modules">
			<destination>{5a08481a-5cb5-4eb1-a81a-77b118976628}</destination>
			<destination>{8bb6d7fc-0f8a-4e9e-bcc6-2a2fd67f7d21}</destination>
		</relationship>
		<relationship name="mixerGroup">
			<destination>{288b7abd-bbc5-4935-b337-b59b542a30e6}</destination>
		</relationship>
	</object>
	<object class="MixerInput" id="{53887dda-0bae-4215-a82f-d85782ad70d7}">
		<relationship name="effectChain">
			<destination>{bd79c5c0-522c-4852-9762-cdb216ab2ded}</destination>
		</relationship>
		<relationship name="panner">
			<destination>{a04d4733-aa23-4902-948c-0505940786fc}</destination>
		</relationship>
	</object>
	<object class="EventAutomatableProperties" id="{b3e7edcf-bcef-4367-b10f-0c5499c48494}" />
	<object class="MarkerTrack" id="{ff9ccf45-6977-457e-afb1-9a8f0d2d7b5f}" />
	<object class="GroupTrack" id="{bb9e5b51-1edb-46ef-9935-b49465d8f41c}">
		<relationship name="modules">
			<destination>{fdf9a933-21fb-4c44-931a-bad9ba9bdb78}</destination>
			<destination>{cceb7444-6e5d-4adb-9b91-c90f3cf73d53}</destination>
			<destination>{8e79242c-cb12-4754-b5ec-d6c7832db164}</destination>
		</relationship>
		<relationship name="mixerGroup">
			<destination>{ae400183-4b77-4f83-b271-db8ccf4132df}</destination>
		</relationship>
	</object>
	<object class="Timeline" id="{4bd88c2f-1349-4b29-ab93-00cbb0a38f8f}">
		<relationship name="modules">
			<destination>{fdf9a933-21fb-4c44-931a-bad9ba9bdb78}</destination>
		</relationship>
		<relationship name="markers">
			<destination>{b18f8306-4f8d-4204-ac60-aa423c8bb84d}</destination>
		</relationship>
	</object>
	<object class="EventMixerMaster" id="{288b7abd-bbc5-4935-b337-b59b542a30e6}">
		<relationship name="effectChain">
			<destination>{d9edd7d2-3b71-479f-aad4-b1f60cc6307f}</destination>
		</relationship>
		<relationship name="panner">
			<destination>{818336e5-96fb-41fe-9c1b-24bbcd6cf5c8}</destination>
		</relationship>
		<relationship name="mixer">
			<destination>{cbd08331-2a60-473e-8687-a73b0f9b1b7b}</destination>
		</relationship>
	</object>
	<object class="TransitionSourceSound" id="{5a08481a-5cb5-4eb1-a81a-77b118976628}">
		<property name="length">
			<value>0</value>
		</property>
	</object>
	<object class="TransitionDestinationSound" id="{8bb6d7fc-0f8a-4e9e-bcc6-2a2fd67f7d21}">
		<property name="start">
			<value>2</value>
		</property>
		<property name="length">
			<value>0</value>
		</property>
	</object>
	<object class="MixerBusEffectChain" id="{bd79c5c0-522c-4852-9762-cdb216ab2ded}">
		<relationship name="effects">
			<destination>{c6b95139-ba9c-4d6d-9c3d-b317d43d084a}</destination>
		</relationship>
	</object>
	<object class="MixerBusPanner" id="{a04d4733-aa23-4902-948c-0505940786fc}" />
	<object class="SingleSound" id="{fdf9a933-21fb-4c44-931a-bad9ba9bdb78}">
		<property name="length">
			<value>10.388934240362811</value>
		</property>
		<relationship name="audioFile">
			<destination>{a6b5d473-34fe-4c4e-bad4-27a33753edf4}</destination>
		</relationship>
	</object>
	<object class="TransitionSourceSound" id="{cceb7444-6e5d-4adb-9b91-c90f3cf73d53}">
		<property name="length">
			<value>2</value>
		</property>
		<relationship name="fadeOutCurve">
			<destination>{fd6d5302-4d21-44a4-9e86-7719be39e752}</destination>
		</relationship>
	</object>
	<object class="TransitionDestinationSound" id="{8e79242c-cb12-4754-b5ec-d6c7832db164}">
		<property name="length">
			<value>2</value>
		</property>
		<relationship name="fadeInCurve">
			<destination>{07117241-26a6-4981-a625-6f5000278689}</destination>
		</relationship>
	</object>
	<object class="EventMixerGroup" id="{ae400183-4b77-4f83-b271-db8ccf4132df}">
		<property name="name">
			<value>Audio 1</value>
		</property>
		<relationship name="effectChain">
			<destination>{e0a29cdc-d05d-405e-bcb7-38fda8b72a75}</destination>
		</relationship>
		<relationship name="panner">
			<destination>{5624a9e2-f111-4e62-8ea0-2be8314035a3}</destination>
		</relationship>
		<relationship name="output">
			<destination>{288b7abd-bbc5-4935-b337-b59b542a30e6}</destination>
		</relationship>
	</object>
	<object class="LoopRegion" id="{b18f8306-4f8d-4204-ac60-aa423c8bb84d}">
		<property name="position">
			<value>2.5</value>
		</property>
		<property name="length">
			<value>5.5</value>
		</property>
		<relationship name="timeline">
			<destination>{4bd88c2f-1349-4b29-ab93-00cbb0a38f8f}</destination>
		</relationship>
		<relationship name="markerTrack">
			<destination>{ff9ccf45-6977-457e-afb1-9a8f0d2d7b5f}</destination>
		</relationship>
		<relationship name="transitionTimeline">
			<destination>{9099c936-36dc-45e4-8536-a3efb8bd46bc}</destination>
		</relationship>
	</object>
	<object class="MixerBusEffectChain" id="{d9edd7d2-3b71-479f-aad4-b1f60cc6307f}">
		<relationship name="effects">
			<destination>{4de5fb84-97ca-4229-a14c-c3fb3342197c}</destination>
		</relationship>
	</object>
	<object class="MixerBusPanner" id="{818336e5-96fb-41fe-9c1b-24bbcd6cf5c8}" />
	<object class="MixerBusFader" id="{c6b95139-ba9c-4d6d-9c3d-b317d43d084a}" />
	<object class="TransitionSourceFadeOutCurve" id="{fd6d5302-4d21-44a4-9e86-7719be39e752}">
		<relationship name="startPoint">
			<destination>{aa4c274e-27e3-4dba-99be-e4571cf89e07}</destination>
		</relationship>
		<relationship name="endPoint">
			<destination>{cf4e9cc1-301e-4a69-ba4f-8826d46c8490}</destination>
		</relationship>
		<relationship name="relatedModule">
			<destination>{8e79242c-cb12-4754-b5ec-d6c7832db164}</destination>
		</relationship>
	</object>
	<object class="TransitionDestinationFadeInCurve" id="{07117241-26a6-4981-a625-6f5000278689}">
		<relationship name="startPoint">
			<destination>{55b22f90-6d25-4b16-b252-6cc3388d1850}</destination>
		</relationship>
		<relationship name="endPoint">
			<destination>{4990f87f-53ad-4dad-9933-11a1826cfbff}</destination>
		</relationship>
		<relationship name="relatedModule">
			<destination>{cceb7444-6e5d-4adb-9b91-c90f3cf73d53}</destination>
		</relationship>
	</object>
	<object class="MixerBusEffectChain" id="{e0a29cdc-d05d-405e-bcb7-38fda8b72a75}">
		<relationship name="effects">
			<destination>{b9a16b9b-fe49-49e9-9269-8955f6295d8c}</destination>
		</relationship>
	</object>
	<object class="MixerBusPanner" id="{5624a9e2-f111-4e62-8ea0-2be8314035a3}" />
	<object class="TransitionTimeline" id="{9099c936-36dc-45e4-8536-a3efb8bd46bc}">
		<property name="length">
			<value>2</value>
		</property>
		<relationship name="modules">
			<destination>{cceb7444-6e5d-4adb-9b91-c90f3cf73d53}</destination>
			<destination>{8e79242c-cb12-4754-b5ec-d6c7832db164}</destination>
			<destination>{5a08481a-5cb5-4eb1-a81a-77b118976628}</destination>
			<destination>{8bb6d7fc-0f8a-4e9e-bcc6-2a2fd67f7d21}</destination>
		</relationship>
	</object>
	<object class="MixerBusFader" id="{4de5fb84-97ca-4229-a14c-c3fb3342197c}" />
	<object class="AutomationPoint" id="{aa4c274e-27e3-4dba-99be-e4571cf89e07}">
		<property name="position">
			<value>0</value>
		</property>
		<property name="value">
			<value>1</value>
		</property>
		<property name="curveShape">
			<value>0.25471893</value>
		</property>
	</object>
	<object class="AutomationPoint" id="{cf4e9cc1-301e-4a69-ba4f-8826d46c8490}">
		<property name="position">
			<value>2</value>
		</property>
		<property name="value">
			<value>0</value>
		</property>
	</object>
	<object class="AutomationPoint" id="{55b22f90-6d25-4b16-b252-6cc3388d1850}">
		<property name="position">
			<value>0</value>
		</property>
		<property name="value">
			<value>0</value>
		</property>
		<property name="curveShape">
			<value>-0.2547189</value>
		</property>
	</object>
	<object class="AutomationPoint" id="{4990f87f-53ad-4dad-9933-11a1826cfbff}">
		<property name="position">
			<value>2</value>
		</property>
		<property name="value">
			<value>1</value>
		</property>
	</object>
	<object class="MixerBusFader" id="{b9a16b9b-fe49-49e9-9269-8955f6295d8c}" />
</objects>
