<?xml version="1.0" encoding="UTF-8"?>
<objects serializationModel="Studio.02.02.00">
	<object class="MixerReturn" id="{0f597a2e-7b9c-4b9a-b0bf-dcd1e43ea914}">
		<property name="overridingInputFormat">
			<value>2</value>
		</property>
		<property name="name">
			<value>Reverb</value>
		</property>
		<relationship name="effectChain">
			<destination>{398cbb15-fdb1-4266-9d9b-5a5b575cb60f}</destination>
		</relationship>
		<relationship name="panner">
			<destination>{fbc3b013-c488-4a77-b0fe-8f9a096c5c99}</destination>
		</relationship>
		<relationship name="output">
			<destination>{9d430e70-0e50-4347-8f09-dcd7ae099d74}</destination>
		</relationship>
	</object>
	<object class="MixerBusEffectChain" id="{398cbb15-fdb1-4266-9d9b-5a5b575cb60f}">
		<relationship name="effects">
			<destination>{4566113f-7c0b-4315-a105-6ebb7880bf2b}</destination>
			<destination>{0ad3535a-dee2-485b-8393-120b10d27e23}</destination>
		</relationship>
	</object>
	<object class="MixerBusPanner" id="{fbc3b013-c488-4a77-b0fe-8f9a096c5c99}" />
	<object class="SFXReverbEffect" id="{4566113f-7c0b-4315-a105-6ebb7880bf2b}">
		<property name="wetLevel">
			<value>0</value>
		</property>
		<property name="dryLevel">
			<value>-80</value>
		</property>
	</object>
	<object class="MixerBusFader" id="{0ad3535a-dee2-485b-8393-120b10d27e23}" />
</objects>
